{"cameraMode":{"drawMode":0,"name":"Shaded","section":"Shading Mode"},"sceneLighting":true,"audioPlay":false,"sceneViewState":{"m_AlwaysRefresh":false,"showFog":true,"showSkybox":true,"showFlares":true,"showImageEffects":true,"showParticleSystems":true,"showVisualEffectGraphs":true,"m_FxEnabled":true},"in2DMode":false,"pivot":{"x":7.597867488861084,"y":12.94349193572998,"z":-14.216092109680176},"rotation":{"x":-0.002290142932906747,"y":-0.9967859983444214,"z":0.07650560885667801,"w":-0.02367456816136837},"size":15.885778427124024,"orthographic":false}