{"cameraMode":{"drawMode":0,"name":"Shaded","section":"Shading Mode"},"sceneLighting":true,"audioPlay":false,"sceneViewState":{"m_AlwaysRefresh":false,"showFog":true,"showSkybox":true,"showFlares":true,"showImageEffects":true,"showParticleSystems":true,"showVisualEffectGraphs":true,"m_FxEnabled":true},"in2DMode":false,"pivot":{"x":98.17520904541016,"y":-312.3664245605469,"z":-1057.5938720703125},"rotation":{"x":0.005474426317960024,"y":0.9883459806442261,"z":-0.1482028067111969,"w":0.041891198605298999},"size":561.9708862304688,"orthographic":false}