{"cameraMode":{"drawMode":0,"name":"Shaded","section":"Shading Mode"},"sceneLighting":true,"audioPlay":false,"sceneViewState":{"m_AlwaysRefresh":false,"showFog":true,"showSkybox":true,"showFlares":true,"showImageEffects":true,"showParticleSystems":true,"showVisualEffectGraphs":true,"m_FxEnabled":true},"in2DMode":false,"pivot":{"x":10.365643501281739,"y":9.229400634765625,"z":-12.675089836120606},"rotation":{"x":-0.006551570259034634,"y":0.9727264642715454,"z":-0.2321547120809555,"w":-0.022856077179312707},"size":10.626721382141114,"orthographic":false}