{"cameraMode":{"drawMode":0,"name":"Shaded","section":"Shading Mode"},"sceneLighting":true,"audioPlay":false,"sceneViewState":{"m_AlwaysRefresh":false,"showFog":true,"showSkybox":true,"showFlares":true,"showImageEffects":true,"showParticleSystems":true,"showVisualEffectGraphs":true,"m_FxEnabled":true},"in2DMode":false,"pivot":{"x":12.131439208984375,"y":2.1612679958343508,"z":-24.352985382080079},"rotation":{"x":-0.00817869883030653,"y":0.9746668934822083,"z":-0.22184638679027558,"w":-0.03478904440999031},"size":12.77027702331543,"orthographic":false}