{"cameraMode":{"drawMode":0,"name":"Shaded","section":"Shading Mode"},"sceneLighting":true,"audioPlay":false,"sceneViewState":{"m_AlwaysRefresh":false,"showFog":true,"showSkybox":true,"showFlares":true,"showImageEffects":true,"showParticleSystems":true,"showVisualEffectGraphs":true,"m_FxEnabled":true},"in2DMode":false,"pivot":{"x":4.94818639755249,"y":30.647808074951173,"z":6.1295857429504398},"rotation":{"x":0.002134626964107156,"y":0.9999461770057678,"z":0.020748015493154527,"w":0.02130728028714657},"size":15.109151840209961,"orthographic":false}