{"cameraMode":{"drawMode":0,"name":"Shaded","section":"Shading Mode"},"sceneLighting":true,"audioPlay":false,"sceneViewState":{"m_AlwaysRefresh":false,"showFog":true,"showSkybox":true,"showFlares":true,"showImageEffects":true,"showParticleSystems":true,"showVisualEffectGraphs":true,"m_FxEnabled":true},"in2DMode":false,"pivot":{"x":-3.3662734031677248,"y":0.11921119689941406,"z":-139.96560668945313},"rotation":{"x":-0.002006040420383215,"y":0.9974079728126526,"z":-0.07524038851261139,"w":-0.013137931004166603},"size":87.04183197021485,"orthographic":false}