{"cameraMode":{"drawMode":0,"name":"Shaded","section":"Shading Mode"},"sceneLighting":true,"audioPlay":false,"sceneViewState":{"m_AlwaysRefresh":false,"showFog":true,"showSkybox":true,"showFlares":true,"showImageEffects":true,"showParticleSystems":true,"showVisualEffectGraphs":true,"m_FxEnabled":true},"in2DMode":false,"pivot":{"x":8.371697425842286,"y":13.896147727966309,"z":-12.486577987670899},"rotation":{"x":-0.006490799598395824,"y":-0.9936638474464417,"z":0.06574724614620209,"w":-0.09092573821544647},"size":14.64428424835205,"orthographic":false}