{"cameraMode":{"drawMode":0,"name":"Shaded","section":"Shading Mode"},"sceneLighting":true,"audioPlay":false,"sceneViewState":{"m_AlwaysRefresh":false,"showFog":true,"showSkybox":true,"showFlares":true,"showImageEffects":true,"showParticleSystems":true,"showVisualEffectGraphs":true,"m_FxEnabled":true},"in2DMode":false,"pivot":{"x":5.228987216949463,"y":11.50826358795166,"z":-10.576674461364746},"rotation":{"x":0.019997570663690568,"y":-0.9791715741157532,"z":0.1556832641363144,"w":0.12880347669124604},"size":14.64428424835205,"orthographic":false}