{"cameraMode":{"drawMode":0,"name":"Shaded","section":"Shading Mode"},"sceneLighting":true,"audioPlay":false,"sceneViewState":{"m_AlwaysRefresh":false,"showFog":true,"showSkybox":true,"showFlares":true,"showImageEffects":true,"showParticleSystems":true,"showVisualEffectGraphs":true,"m_FxEnabled":true},"in2DMode":false,"pivot":{"x":0.22613370418548585,"y":22.830507278442384,"z":24.417346954345704},"rotation":{"x":-0.0010984913678839803,"y":-0.9999328851699829,"z":-0.005670690909028053,"w":0.022829221561551095},"size":12.124356269836426,"orthographic":false}