{"cameraMode":{"drawMode":0,"name":"Shaded","section":"Shading Mode"},"sceneLighting":true,"audioPlay":false,"sceneViewState":{"m_AlwaysRefresh":false,"showFog":true,"showSkybox":true,"showFlares":true,"showImageEffects":true,"showParticleSystems":true,"showVisualEffectGraphs":true,"m_FxEnabled":true},"in2DMode":false,"pivot":{"x":13.617766380310059,"y":5.750949382781982,"z":-19.71463394165039},"rotation":{"x":0.0037632263265550138,"y":0.9792382121086121,"z":-0.20290307700634004,"w":0.019407637417316438},"size":12.77027702331543,"orthographic":false}